y1,y2,y3,y4,Cost,SP1,SP2,SP3,SP4
64.62596497,52.98681924,53.81846874,2798.005665,48.65917358,88.15719523,8.278707307,19.54710436,50.81190172
65.08649978,55.44475412,53.53937203,2796.066814,47.44910752,87.99309666,8.439990854,17.30537385,50.97954178
64.42149039,53.40264589,52.26206057,2796.123127,43.34043305,88.00761358,8.464022886,18.8293829,50.87298288
64.71953781,52.49294752,54.14599912,2797.383367,45.41166084,87.82369703,8.553214003,18.16262549,50.86864371
63.8308959,51.5983907,54.97150829,2796.097683,48.04071733,87.96556127,8.479591703,19.08097694,50.63068608
63.2736261,52.86669158,54.91213406,2794.461592,45.18097246,88.18466538,8.241695373,18.17537367,50.81552725
63.41551233,52.75663243,55.04949288,2792.630832,46.39921675,88.03958824,8.318909753,18.72476183,50.77788532
64.18747648,52.11020777,55.80818297,2791.827582,51.21926419,87.90556381,8.524400663,18.60374372,50.68531061
63.70375292,53.00855714,53.83281486,2789.607875,51.01560286,88.1202916,8.257351426,18.8699058,50.80038953
64.07523364,54.18836954,54.6733406,2790.24092,43.8139279,88.16670769,8.258735001,17.97578611,50.73371122
64.2799804,53.35742578,53.65725582,2790.161215,47.48975784,88.0650537,8.404298431,18.33307662,50.86902329
64.14621706,52.75661825,54.86190417,2790.440697,46.12183054,88.16570509,8.22713714,18.92130153,50.75973989
63.53876916,52.70407261,54.72835853,2789.215208,53.44739419,87.84893053,8.564258204,17.66353514,50.8347325
64.24605157,52.63665051,56.10630798,2789.176966,51.64194165,88.0012828,8.392793438,18.50408713,50.85511267
64.6579687,50.92391957,53.17305061,2787.956449,51.98942263,87.99769699,8.400649128,18.87323968,50.78494978
64.95398184,48.69921696,53.0405149,2787.359706,42.66680128,88.22322723,8.255403779,18.3134284,50.82435962
64.75834704,49.72030345,54.23694405,2784.274163,46.38585306,87.85475618,8.523588585,19.68739682,50.65206041
65.06448183,50.98899849,54.57508182,2783.636325,47.03683024,88.18285152,8.249697956,18.98929142,50.8008612
66.19390829,52.28307355,52.80458193,2782.563432,50.89448932,87.91697322,8.495361108,18.90483973,50.71358532
64.53822696,50.6153023,53.69309211,2783.373626,51.59148367,87.91884474,8.526141513,18.38587249,50.93955703
64.69502068,51.93349975,52.64085174,2785.195475,43.99326763,88.16003415,8.195967271,18.69524263,50.92916174
65.70976551,52.61363906,53.1229428,2785.84008,50.85680515,88.06859235,8.358086206,18.34400183,50.84213694
66.06934838,53.26617681,53.87990427,2784.432964,45.113235,87.96023299,8.431409297,18.67522427,50.862832
65.62089183,54.59100293,53.60960735,2784.197694,50.06629694,88.04717085,8.340084122,17.92516461,50.81849643
65.49571233,54.17563817,54.40915733,2786.431959,50.14945809,88.17357025,8.238624191,17.83633191,50.68967204
65.18485132,55.11997419,55.57095802,2787.394019,52.77983184,87.88038992,8.558479038,18.37838429,50.83681745
65.2641281,55.29761106,55.48092552,2784.200914,47.73482299,88.0192193,8.44668226,19.92717767,50.55770945
64.39151924,54.71890004,55.78154231,2783.676459,48.40600326,88.14026873,8.27789762,18.72663957,50.76942121
64.11219534,54.65061231,55.66765376,2783.063529,50.05397578,88.14892668,8.264046165,18.66283991,50.93697521
64.65883652,55.29109532,54.61144606,2782.129958,45.9453934,88.24948322,8.159662219,19.4165235,50.7682091
64.71117731,55.47388123,55.69139819,2783.077147,55.95693036,88.0615755,8.323812387,18.50472759,50.92262736
64.37603443,53.75658417,55.00540048,2780.255919,49.4165333,88.23119874,8.199440053,18.26505669,50.88736661
64.2977319,55.00936529,54.22640246,2779.356543,47.38272957,87.94267525,8.463900985,18.25563845,50.85304543
64.3883814,54.76268546,52.76329274,2776.970251,53.17117882,88.0626751,8.286930598,19.29941571,50.69193715
64.91589791,55.41380585,54.68337132,2775.645928,49.68353404,88.26982916,8.080572299,19.24774301,50.8107125
65.25163253,54.69096605,56.94529972,2775.176332,50.58035844,87.97751231,8.463164815,18.82129504,50.94819413
65.29996618,56.50200777,51.07068981,2773.385557,47.48150772,88.310786,8.071098438,19.72149414,50.7307161
64.64084552,52.65328404,51.20425694,2773.185855,47.35337131,88.1923237,8.174448056,17.80244193,50.89009302
64.85042931,53.20964241,52.67992805,2772.596888,50.17974663,88.0199246,8.349788512,18.20802717,50.88068163
64.44758377,53.32329387,51.78780358,2770.805483,50.1702781,88.02630408,8.340011131,18.75410328,50.77858974
64.76095246,54.88984645,53.30217226,2766.240303,46.84017273,88.22865322,8.162016694,19.11365879,50.72786722
64.68043069,54.8298377,52.5723728,2767.596463,50.20464811,88.06682231,8.29662523,19.4168518,50.5930508
64.50321245,56.36507037,50.99616772,2764.298247,52.5232813,88.20439638,8.174165487,18.67785336,50.81535323
64.9550443,55.74887627,49.82012098,2761.391395,51.41023063,88.12602612,8.278074554,18.88778134,50.85961927
65.21633925,53.76097058,49.51854182,2759.972513,50.03525616,87.97941283,8.436054649,18.91477012,50.72740167
66.09483768,53.62695597,50.03426541,2760.335325,50.52443514,88.11266619,8.271101204,19.61090992,50.64740827
65.77008931,53.26020266,49.46009284,2758.617434,47.35287713,88.03127849,8.424268062,19.28347656,50.76266522
64.33268832,52.69367809,52.05217332,2758.481439,49.7069743,87.9082645,8.51897523,19.13949821,50.71067724
64.98592574,54.62129604,52.77009371,2757.230505,50.02230506,88.07103854,8.366379949,19.03185078,50.74193054
65.79987925,54.02685243,52.23446437,2757.104889,47.25679844,88.11327415,8.299348599,18.47885153,50.78667314
65.52981346,52.87435164,53.14889123,2759.178401,48.83732217,87.98640861,8.426675742,18.5793062,50.81650547
64.62031341,52.67438273,53.03017492,2757.28556,48.02233052,88.14252062,8.272034271,19.28319244,50.67194623
64.05114183,53.13910891,54.06843982,2755.232049,44.27789454,88.28282089,8.06355568,18.19286377,50.85363385
63.11576977,50.46926726,53.68945266,2754.057143,52.44252835,87.93186313,8.41717691,18.87326137,50.70518768
62.37035507,48.42051444,54.05365997,2755.484258,50.3603915,87.96379634,8.329530031,19.15580913,50.68728721
61.8392162,49.79987764,51.91019625,2757.506844,46.10977059,88.08329813,8.216760186,18.91233036,50.92698529
61.33845242,48.32325213,52.67828883,2757.191691,50.5795623,87.87528853,8.538705378,19.53403578,50.7645836
62.16013917,49.50753771,53.02489971,2757.007046,51.39672219,88.28171389,8.022401174,19.05343923,50.91018318
62.81250841,47.54104199,51.75554797,2757.893365,55.04487131,87.98106393,8.357115333,18.56052477,50.81615026
61.36101536,46.62104359,50.08090455,2760.664184,54.20930407,88.06297849,8.287382525,18.7882585,50.87722493
61.26060719,46.70462292,50.53294235,2758.66081,47.78003719,87.93947658,8.435640123,19.86604812,50.73917983
61.78095476,45.70937853,49.84763745,2754.479611,46.61622185,88.01964642,8.266969009,18.86085807,50.74539252
61.93805795,44.28641249,51.12455758,2752.407591,47.71040805,88.04256864,8.306081731,20.37353972,50.5113274
61.94473467,45.70034016,52.24636815,2751.327483,47.1044589,87.89848787,8.409244395,19.27587673,50.69388
61.55450936,45.54542066,52.17570548,2751.302585,54.05748135,88.02255112,8.235500088,19.27733122,50.72487515
61.22673738,46.62103951,52.93498314,2751.212181,54.46091933,88.07282056,8.260526692,19.20698717,50.76354086
60.83178388,47.23936497,52.68621605,2753.597077,46.75839533,88.25836366,8.063515086,19.07570185,50.74497198
61.51986175,45.57303295,52.92277357,2752.70907,45.08531801,88.0571528,8.270881874,19.11658446,50.82365136
62.79290551,44.7731594,52.55558708,2752.823826,47.1701123,88.17105731,8.154396976,20.02838719,50.72369169
62.07101338,45.08198188,52.77299966,2755.545224,49.68941004,88.07024277,8.230613024,18.44959726,50.83783611
62.62804089,44.98802186,53.11145744,2756.146265,47.86058116,88.31064621,7.957459956,19.94169738,50.73266306
62.42064055,44.40469865,54.24689038,2759.299247,54.68513197,87.84742477,8.46701387,19.87101161,50.70522663
62.64335523,45.83496786,54.77094678,2759.466908,50.77179372,88.13902949,8.169632551,18.86787955,50.88592129
62.34403107,47.13114607,54.94308424,2760.935769,47.0281968,88.05149323,8.260573996,19.97999138,50.70973805
61.9338838,48.30145407,55.88042338,2759.488765,45.72924907,87.90285199,8.537860715,18.28188717,50.79823502
61.41025296,47.80298273,54.03213809,2759.984631,46.03331841,88.04586315,8.275360954,19.75398684,50.74793806
61.27603952,48.53095898,54.26502024,2759.131288,55.32506431,88.00398592,8.363748817,19.30491599,50.79977993
61.41172591,49.22824674,54.55959932,2757.926111,47.54376266,88.00264194,8.293543891,18.77137802,50.7563819
62.03940185,50.53396166,53.94936397,2757.815143,49.50557859,87.98152761,8.375565385,18.90041571,50.63475312
62.46498077,50.87970673,52.95593882,2759.471553,51.39390596,87.93411608,8.413626197,19.08077388,50.87240925
62.62031402,52.57996751,53.16788121,2759.535054,51.84395631,87.95626353,8.407373064,19.27768718,50.63741258
62.44966458,51.67588255,54.69571435,2761.174671,53.5734704,88.03755518,8.235613473,18.60243406,50.89909224
62.16509139,51.08850523,54.17413138,2762.338835,50.7990274,88.01624976,8.340804318,19.36010938,50.74160698
63.02968613,51.64489749,55.16497713,2762.896383,48.86164195,88.03458785,8.322155297,19.00390119,50.79393021
62.77012381,52.54232477,53.05948503,2764.134451,45.17866157,87.94997351,8.433320866,18.74504319,50.73413386
63.84670546,52.23152796,53.67851934,2766.848004,51.64436074,88.0246022,8.308667156,19.18138735,50.85621305
62.69605003,52.0929628,52.71126591,2766.794559,42.66248676,88.08503021,8.230184852,18.38585043,50.69107058
63.19189867,52.5701082,53.09084508,2765.741727,47.48170233,87.98434629,8.397191145,18.82388663,50.78431281
62.50638738,52.23945784,53.26766301,2763.731803,42.96813235,88.12511641,8.28574652,19.31790365,50.84038706
62.55598313,50.45414086,55.02484236,2761.606139,49.25413733,88.12951756,8.244538771,19.41071804,50.84437804
62.0977249,52.28705697,54.131941,2762.592992,49.25640357,88.06755685,8.318937146,19.21841813,50.87309297
61.98927782,50.59871381,53.82663902,2764.322355,52.36717254,87.99046766,8.387232219,19.52603731,50.63612395
62.56553098,51.20849467,54.37995364,2766.165271,52.87980052,88.07564055,8.261058348,18.54305971,50.7372773
61.91938156,50.58593537,55.48338875,2762.497138,52.04103193,88.2238227,8.130683161,18.90630111,50.86866337
61.62256983,51.49816886,54.26893593,2764.653604,56.22577732,87.96735414,8.420866723,18.61300699,50.78696753
62.54621259,53.22535596,54.1954864,2767.713375,50.75027251,87.85238766,8.542689651,18.74616127,50.82876331
63.00203192,53.22979994,55.48198934,2768.677523,50.49697723,88.0845364,8.251034454,18.92625384,50.74595877
62.61505286,52.94081311,56.67235471,2769.09802,51.79060362,87.91525201,8.451571979,18.42233091,50.91881504
62.18357447,52.21247877,53.17361902,2769.402223,50.67970122,87.97150719,8.387178901,19.64369541,50.81202301
62.49849746,52.58802447,53.84035193,2768.30211,44.10881798,88.31357925,8.060953607,19.00986052,50.78498726
63.21372186,53.13940687,56.7319905,2768.799327,51.77810162,87.82892458,8.506295916,18.95333616,50.79168068
63.95891743,52.60201012,53.1110424,2767.890166,46.32405317,87.94710801,8.410429909,18.93448419,50.77533768
64.24020074,54.83900198,53.75344038,2767.568174,51.18918094,87.89488234,8.44905795,18.44543342,50.82085734
64.52379444,54.18979263,53.59617638,2767.731352,50.20533057,88.21977228,8.144425317,18.9989776,50.69645202
64.09181886,55.73022997,53.08460882,2767.348683,49.58700817,87.97936224,8.478520278,18.89640476,50.8176076
64.74232177,53.86818233,53.17257381,2768.561567,46.03858354,88.07162985,8.320132706,19.36720866,50.74725404
63.794543,53.92577582,54.31065269,2766.749724,45.16055528,88.1253944,8.24843944,18.87701971,50.73405796
63.48986758,54.01715206,55.76132076,2766.933119,55.30372445,87.99639769,8.385318467,18.8155391,50.85380527
63.4752807,53.38287387,52.20971239,2766.51932,52.52956625,87.97428248,8.437004278,19.10459686,50.7903555
64.3835246,53.46296679,53.53445569,2760.518151,50.81185008,88.02632759,8.345484196,19.79382092,50.58815031
63.99692668,54.81337733,52.78585327,2761.308346,53.58087715,87.93918607,8.449926917,18.4114144,50.9033358
64.45101098,55.05299892,53.81628717,2763.846313,49.49461038,88.20738523,8.17345422,18.48952596,50.80203342
64.67706845,54.71827576,53.30824827,2763.623076,49.78590371,88.06744649,8.336740218,19.19029327,50.83315602
64.83456142,55.36870518,51.43078001,2763.370122,47.19496692,88.11970475,8.245740982,18.82080868,50.8555473
64.58379417,54.84841941,52.6102094,2764.164764,52.97634438,88.20976132,8.196614148,18.94077267,50.71734364
64.46996404,58.12676541,52.53598764,2765.865311,51.67961441,87.92098436,8.459002438,18.57787282,50.83617328
64.02160677,51.40295087,51.64238185,2764.169641,48.60173473,88.07641096,8.280231585,18.8841184,50.80495098
63.23899295,51.50620752,52.10226483,2762.777422,51.96612552,87.95520441,8.453931275,18.25032961,50.80073452
63.59993333,52.17500208,50.36258877,2763.674606,45.96259187,87.90925319,8.418090464,19.30466334,50.86382424
64.00843085,53.17733837,50.44512785,2761.817243,47.29489266,88.01854956,8.408465859,19.46293756,50.84237492
64.90503184,52.32677071,50.83777453,2758.360084,46.13489087,88.31844679,8.072503891,18.5056082,50.79455998
64.73634116,51.79463149,51.75411038,2759.166765,51.1605507,87.96214776,8.40971465,18.76113984,50.7767169
63.46351902,50.10952362,51.10683226,2757.71428,47.00324001,88.14916582,8.209765219,18.97446409,50.74294057
63.90685112,49.90759081,52.49428309,2756.241083,46.02949148,88.08350013,8.284236655,19.71606271,50.63220272
63.80081806,50.34666804,52.3161134,2757.821849,53.8414001,88.14911402,8.192531369,17.19001743,50.86131908
63.82835508,49.7745805,52.93515842,2757.779173,48.12644789,87.82232448,8.573651329,18.83231987,50.70478184
64.22328146,48.89419846,52.28714868,2755.76356,46.70769401,87.89568929,8.429543171,18.52263194,50.76761231
64.72557283,48.01842687,52.30559134,2755.993421,51.03179747,88.09204057,8.227678472,19.73066158,50.63586226
64.39432927,49.31660478,52.84289838,2756.163881,53.89255731,88.32888377,8.017824064,17.85056406,50.90368664
63.38637446,48.98368396,52.48821535,2754.938707,49.59935096,88.10159709,8.199696943,18.00361306,50.81874438
62.81605251,48.65254931,52.15883087,2754.863636,56.97161124,88.01177384,8.307158552,18.45574875,50.87136267
63.48258269,48.27524538,52.77357385,2755.673719,45.77744129,87.99984642,8.402830026,19.41172235,50.7863374
63.31508183,48.50011329,52.92887659,2755.19469,56.45838719,88.01413108,8.379983303,18.95477204,50.79160513
63.92103866,47.69717644,52.03030046,2754.369921,51.6809242,87.85239928,8.481134723,19.06103564,50.76657688
63.88789115,47.67277267,52.56338185,2752.369571,45.96573964,88.01912438,8.33079328,18.78051757,50.81748921
63.9628007,49.28733998,54.99199015,2750.714106,50.3455315,88.30451383,8.023086224,18.90560637,50.71472398
63.53992377,49.88752777,54.02895701,2748.875299,46.12696074,88.17962717,8.16584505,19.03924033,50.82587379
62.68242978,48.64742693,52.46159823,2745.879778,44.1259156,88.08546717,8.268369631,19.20008986,50.70069901
61.9160086,49.71778253,51.70280331,2742.760774,46.55166176,87.86327789,8.495457358,18.73560456,50.84020425
62.88965102,49.54074437,51.70945088,2743.473313,46.76584926,88.07567761,8.311362329,18.60111611,50.78359248
63.80425967,51.17891481,51.06261149,2740.405028,45.94600426,87.93154778,8.487220553,19.49454443,50.69778013
63.14597976,51.70193904,50.49742314,2741.70939,43.72085678,88.11008754,8.299976687,19.28272454,50.82929126
63.01839707,50.74692133,51.82584647,2739.518845,51.28754997,88.0434363,8.317337662,18.87356238,50.78648509
62.64332861,51.70560536,52.49663076,2740.364205,51.9131293,87.73896379,8.665977079,18.87599935,50.73948685
63.4897793,50.52332432,52.74515734,2740.151731,40.16344169,88.22738854,8.110202173,18.79236094,50.75163565
63.94596489,52.86798574,51.42138368,2740.983055,51.79035031,87.89545792,8.465736237,19.52405669,50.66968361
64.11569975,52.91984738,53.36596387,2740.575036,50.36791902,88.09667954,8.275947465,18.98465145,50.73535983
63.90000616,54.17592095,54.55274364,2740.836577,48.21241452,87.75093988,8.626336574,19.40043711,50.6518542
64.59208238,54.55534006,54.65773012,2740.512695,50.30006011,88.00726584,8.307976439,19.06545485,50.79852349
63.95291017,56.73561258,55.74661555,2740.847716,49.405591,88.12122617,8.232286988,18.47240947,50.68908575
64.33051175,53.1140487,52.73216523,2739.327176,46.96310337,88.15428284,8.216551197,19.2604628,50.77109052
64.2016373,53.05326035,53.941062,2737.342814,49.05399909,88.02808839,8.330372323,18.66604443,50.69721826
64.19766208,56.20175172,54.97765122,2735.203913,46.386516,87.96605112,8.402927364,19.76771834,50.72233173
64.91044845,54.04150413,54.56462063,2734.865766,50.66204321,88.25381186,8.123726262,18.61740474,50.81855342
64.99285501,53.62276924,55.31670456,2734.034548,41.64494908,88.16294837,8.214715295,18.85720912,50.68769699
65.03968368,54.12248383,55.06768074,2733.025307,48.22368658,88.00576521,8.386906016,19.38472947,50.79106743
64.12735542,54.7057791,53.52097002,2734.532818,52.85632602,87.90557475,8.476055095,18.31526464,50.83458332
63.52163685,55.48678707,54.95596652,2735.121594,54.49954777,88.06706026,8.272589788,18.28096492,50.72646434
63.23832541,53.24798648,54.73634933,2736.131861,48.93381235,88.12605589,8.188455751,19.37579629,50.72201732
63.21576966,54.247504,56.59944506,2736.719513,52.64534987,88.09328215,8.307662309,18.22440078,50.86215926
64.05434042,52.67610232,54.0849939,2736.317621,46.58096462,88.16733137,8.195650111,19.77930349,50.7025015
62.95988163,53.76694124,55.20001652,2735.299266,44.07664042,88.34335998,8.047304549,19.02187242,50.84089797
62.73148094,52.07762783,55.68342196,2734.876388,50.15158914,88.15693374,8.239569969,18.33266475,50.7289472
62.25546241,52.237485,54.14351052,2733.017642,57.78039928,88.07955801,8.2320523,19.02106237,50.7112506
61.77724021,52.7586143,53.07875316,2735.018109,52.29554253,87.9345648,8.412753091,19.64765492,50.70149992
61.85194463,51.2373942,53.14196501,2735.448954,49.8557735,88.03458334,8.282201919,19.12591849,50.74580046
62.2110219,51.40250135,51.63538689,2737.050509,50.47115328,88.10265337,8.278868882,19.10513635,50.81877943
62.46493028,52.54354293,51.81458143,2735.112162,51.01389014,88.0003367,8.313713408,18.07236027,50.85384491
62.79853321,53.39945197,51.07172069,2733.194068,45.78802728,88.10693484,8.238426649,19.25488622,50.7345455
63.54111993,53.76746176,53.00071389,2732.873338,46.49068969,88.05850512,8.325877617,18.92303133,50.66494359
63.77205425,56.27280869,53.33068066,2732.534602,48.07631349,88.11426584,8.243163903,18.92963677,50.76440545
63.60069046,53.09798881,52.68338591,2732.649387,49.36019615,88.02158503,8.364835871,19.19655267,50.69571287
63.49463513,52.0583409,54.61771361,2731.539347,46.00725595,88.07796545,8.212760123,19.53945972,50.7991803
63.42769547,53.90979923,54.60637158,2734.434422,53.54174456,87.87367667,8.441417216,19.13189038,50.73721933
63.14029475,53.39747148,54.99353671,2734.187979,52.23199529,87.95721725,8.410586838,18.4515941,50.74005484
62.71706948,53.92281352,55.01801648,2734.540675,49.5091677,88.19772921,8.127198085,17.86083466,50.85277329
61.94525158,54.30082205,56.13168299,2733.189106,47.20272778,88.20948293,8.118677577,18.3054744,50.86344288
62.06030585,54.20162362,55.4010179,2732.393687,50.56305526,88.19098135,8.131577135,19.49195779,50.6865718
61.6660921,53.16573063,55.34536879,2731.297287,46.29223132,88.03067019,8.369811925,18.21552658,50.86179656
61.86564796,53.98081585,54.54911339,2733.7771,54.5585676,88.01077887,8.397747786,18.63874762,50.93847738
61.18733185,55.14146864,55.11636371,2734.900936,46.90408766,88.09403025,8.342811738,18.64350999,50.88526956
60.91033347,54.51800015,55.19445744,2736.110602,54.40522553,88.22387814,8.039602296,19.34677501,50.87418795
60.19892935,54.22027078,54.72550786,2736.857152,46.98965782,88.19253534,8.151505784,19.4292584,50.78139599
60.03322846,54.76006032,54.70383414,2735.715934,49.37801018,87.89354972,8.398628444,18.8024086,50.83125456
60.11480567,54.74160359,55.206449,2734.066711,53.25383499,87.96338704,8.342899155,19.97961846,50.67230494
60.61436171,55.11889506,54.43407053,2733.503364,45.25171075,88.03290995,8.36277776,19.68712165,50.70101414
60.49884978,54.72438559,53.48062581,2732.214037,50.15302233,88.1081083,8.182779758,18.49128564,50.84185021
59.98723309,57.20758177,55.51944863,2732.278434,50.08164816,88.12809589,8.203895802,19.51964755,50.65657902
60.02172423,54.87202171,54.05924044,2730.801124,51.87854887,88.01505696,8.362296227,19.10096879,50.71826465
59.922746,54.66527001,54.16894747,2731.382232,45.7453121,87.98839506,8.382023126,19.08738886,50.79128484
60.15929284,55.52751009,54.9620909,2731.9116,51.18603511,88.05227677,8.263244908,19.15484529,50.75772409
61.05684108,55.11512308,57.24570067,2732.922053,53.14678521,87.92500945,8.430874596,18.99784931,50.72968998
61.21257163,54.35785732,54.74481823,2734.07348,51.73090611,88.00060229,8.365677749,19.57155247,50.64632999
61.39515439,54.25821079,55.37284488,2737.282145,50.379593,88.22575847,8.144713655,19.40128367,50.77483235
60.72354967,54.68457094,55.90445415,2736.58536,49.49944105,88.06173196,8.249915746,19.02509641,50.80969968
60.79762992,55.57837248,53.85088091,2737.224452,53.71822366,88.23966271,8.037602255,19.83352469,50.72211245
60.51772259,53.67623082,50.79910559,2738.508385,51.92329368,88.01247107,8.341803154,19.15363341,50.77243298
60.92459361,55.28370553,51.3962906,2741.163125,50.62664414,87.98349108,8.349590722,18.37252618,50.7998048
61.19493936,55.58226667,53.62287344,2740.479917,43.41951094,88.14723847,8.224002648,19.10787165,50.65982205
61.9329873,54.9840629,54.7045664,2741.485129,55.67760979,88.09077433,8.148837013,19.09917503,50.69415595
62.21905583,55.5404938,55.19730465,2742.458688,57.13605046,88.10297363,8.272036448,18.60587951,50.77230295
62.09381428,52.84373834,55.35553487,2744.019468,46.98011971,88.12417228,8.21225825,17.91216268,50.80686227
61.43437594,54.75884526,55.61554107,2745.467116,55.50465685,87.90247873,8.415674337,19.31751955,50.83333628
60.54552068,55.319427,54.69725618,2743.584939,50.36323246,87.88993849,8.435391316,18.77822903,50.61707118
60.19579234,53.92474787,54.77434683,2746.204714,49.03566362,88.23003069,8.074698144,19.39040138,50.77725353
60.1229292,54.48616697,53.76392397,2746.525089,52.9657187,88.03957685,8.247206824,19.01295053,50.8269932
60.188096,54.99109591,56.3933672,2747.093395,52.01710759,88.01585867,8.354875375,18.89125369,50.81360761
59.86090844,56.19504138,53.93742391,2750.62323,48.74573723,87.92867819,8.418787566,19.34798518,50.64849861
59.85519004,52.91282824,53.38938884,2750.407461,53.26214508,87.92881626,8.404142517,18.72929264,50.76958357
60.65297722,53.07368565,55.11574356,2752.291766,45.05186709,88.25678401,8.07991098,19.54816843,50.64157263
59.57178641,54.52644422,56.10212178,2751.421221,48.69726876,87.9674544,8.412197157,18.91611102,50.79428565
60.18769966,54.17838098,54.99064271,2751.525716,52.12775465,87.88478208,8.435391054,18.00168902,50.82022022
60.04531744,53.66846197,55.87602057,2750.941333,44.77098022,88.08081193,8.279400534,19.30138967,50.8141424
60.3212281,53.29418525,55.78579115,2749.216421,48.84913283,87.90334221,8.438778643,19.44333314,50.90418276
60.18197014,51.28316654,54.48174939,2749.414534,52.47942187,88.11621376,8.135769287,17.49051553,50.75205479
59.83844957,49.68044515,53.70364307,2750.911713,52.12197928,87.96476494,8.356268714,19.44544173,50.77708488
59.97529278,49.50778237,54.66834965,2751.755717,48.72421331,87.91862003,8.382834905,18.73215597,50.73213493
60.08964492,48.05450024,53.82425468,2750.212423,45.17460962,88.14725498,8.203104547,19.51955353,50.66421694
60.04658337,47.98843418,55.28182726,2749.259266,43.41661166,88.23450163,8.09066796,19.30989851,50.77785001
60.21261636,47.27141854,54.93898318,2746.856607,50.17058249,88.02159766,8.290881004,20.38768098,50.64649741
60.27721827,47.66100644,55.35776344,2746.815384,41.77311641,88.08271187,8.282479385,18.98988772,50.80523023
60.75526449,46.49752631,56.23496032,2747.465945,50.11645486,87.96431237,8.403841347,18.74491203,50.84817102
60.25021602,46.81058985,53.00302599,2748.901872,46.68259053,87.9622056,8.383936834,20.07997514,50.76756885
60.53526729,46.94691817,53.21470548,2746.789456,47.96432427,87.97907395,8.336806475,18.90203581,50.79740319
60.93704839,46.7365631,55.22887772,2746.564528,47.22122929,87.89991217,8.38245747,19.77449734,50.68712056
60.78952149,47.37514794,54.17043051,2748.820654,55.84649809,87.99149046,8.339007142,18.36666409,50.8551003
60.33195735,49.53179908,53.59332796,2751.796195,51.86950512,88.20528814,8.165489638,19.36603234,50.75212945
59.68370988,49.1333149,55.65673639,2750.338443,49.875487,87.970368,8.318452681,19.67379472,50.84555412
60.44966411,47.68772871,53.51799906,2749.319947,57.34742195,88.13366107,8.146222184,18.67544492,50.7795103
60.09228779,48.42788653,54.55790999,2747.127899,42.83829237,88.10862588,8.197657088,18.63561513,50.80887789
60.36348085,49.33336494,55.19802755,2747.97861,53.63791139,88.17556029,8.135456061,19.90059666,50.69102672
60.09388733,48.66322126,55.93369473,2748.959475,46.45874165,88.19441381,8.124996872,18.04329702,50.88853227
59.71617382,49.05234307,53.17096945,2747.425396,42.34657574,88.07626338,8.277708867,18.49070476,50.8772212
60.06071031,49.08384152,55.65201952,2747.39897,46.3361932,87.9733453,8.434422307,19.58087598,50.70595463
59.90492383,51.83177756,56.01710466,2745.012633,42.7749138,88.002911,8.289010884,19.52971673,50.75030481
61.04475067,52.45477598,54.5951278,2740.88242,45.9766284,88.05652997,8.199880038,18.41958569,50.81547081
60.52853203,53.83262736,55.73571213,2741.693884,50.05004412,88.1710317,8.17775466,18.84367348,50.87168787
59.33775309,55.12829954,55.61597071,2740.311086,43.01562786,88.28954587,8.025842479,19.78257397,50.74661705
61.42525745,55.18833455,54.05252018,2737.090505,49.14802438,88.04423772,8.295824548,18.78041595,50.78734415
61.15216681,55.97980879,52.64337808,2735.890132,50.2811436,88.10043262,8.251868289,18.08335384,50.8184037
62.02582998,54.18371254,52.423463,2736.62881,42.5351939,87.91239801,8.502397099,19.2071945,50.67377379
62.27705954,56.53919112,52.23986596,2736.777479,51.4169094,87.85780315,8.503724642,18.70342715,50.78387507
61.99163211,54.25108288,52.92837535,2736.6787,52.09013729,88.08280993,8.305155607,19.22907694,50.68300346
62.11929843,54.85941657,54.57915855,2734.540904,46.2902676,88.17198658,8.129318091,18.37748678,50.71538582
62.13992696,53.89741394,53.77529509,2733.796552,49.39392849,88.16864509,8.17986668,19.60677396,50.62897534
61.83994025,52.21102198,53.57336092,2735.394153,51.84169024,87.91657204,8.477649718,18.49365829,50.76987438
62.60718714,53.24532839,54.98225473,2737.565928,48.73899548,88.10870766,8.206757607,18.65705275,50.80399769
62.44468686,53.07411131,55.567084,2736.905706,53.45939987,87.99321839,8.344085194,19.71869337,50.72724698
62.49601913,54.80221217,53.64588713,2736.740342,52.47294776,88.05113046,8.253790716,18.66101233,50.90324348
61.51348242,56.60581836,54.64655145,2737.354534,53.16980623,88.19203755,8.198901131,18.83480394,50.84399622
61.46854693,53.99184995,55.57142522,2737.134542,45.35290109,88.04081426,8.337871548,18.57934119,50.85145894
60.93320444,53.95906566,54.1563382,2734.242896,46.94683008,88.17562669,8.17942558,18.94781656,50.80107838
61.67229819,54.56313609,54.92219373,2734.203159,50.56618842,87.81739,8.565723342,19.45968665,50.73395173
61.75316508,53.28322948,56.23574341,2734.226168,46.51060755,87.89264764,8.460155427,19.53697038,50.45449801
61.3284136,53.27328746,53.50693988,2733.276198,49.70563239,88.04616705,8.303087146,18.83935386,50.65135986
61.16346215,54.24812175,52.26963718,2734.598188,50.12318928,87.81263025,8.544530632,19.02100176,50.70311611
61.58211385,54.70945032,53.78359941,2734.33977,46.10902567,87.97303521,8.397465266,18.8786456,50.77862522
61.55503629,56.00025967,54.14560558,2732.746943,52.52907852,87.79366483,8.562900069,18.42613575,50.83292486
61.32508937,53.05400295,55.31112035,2735.634619,44.08102975,87.95109106,8.404603628,18.6637359,50.89392756
61.33252186,50.83405589,55.4762272,2734.171325,51.80227325,88.04959546,8.296405107,18.94743235,50.81349524
62.17294998,50.26519164,55.20169086,2733.467915,49.11464426,87.93344604,8.363068708,19.64043817,50.68987998
62.07202821,50.42974805,54.35088831,2734.296291,51.26979544,88.18800904,8.112312158,18.70754746,50.91104014
62.04973939,50.74155076,55.39999608,2736.541358,55.34636357,87.82119716,8.517988729,19.0433865,50.74037511
62.50967412,50.27884243,55.37686138,2737.670462,48.73395512,88.07525072,8.25160493,19.41948485,50.71582607
62.6302766,49.76111958,56.18288762,2734.928113,57.31726774,88.07936152,8.241387241,19.68411109,50.65382308
62.84730978,48.22739967,53.60628246,2734.378714,48.11625716,88.04147967,8.354063059,18.86127863,50.65873715
63.25344765,50.15072123,53.99348908,2733.063287,44.07510584,88.23495508,8.084936045,19.0168064,50.81693759
63.23000268,49.63084996,53.25691659,2731.360603,50.02155511,87.99865041,8.357584363,18.49724061,50.84524109
63.84408041,50.39602245,53.94183452,2730.591659,46.34669701,87.93214339,8.437608711,18.10953383,50.78339116
63.96112256,49.40916885,54.37808042,2731.233557,52.04654198,87.97524213,8.412454319,18.81329991,50.73304383
64.7677739,49.60392832,54.91304283,2728.002434,46.94525689,88.21669708,8.174246936,19.02113118,50.74914136
64.8821773,49.18771083,55.91022533,2726.746493,56.26295252,87.84090076,8.521906172,19.55752458,50.75528669
64.9649963,50.63896662,54.19464952,2727.731718,50.23078478,87.99534095,8.356552305,19.40417313,50.6357541
64.24043181,52.63564545,54.72349854,2729.375538,55.51331294,87.96329387,8.35361107,18.14394537,50.75014311
65.05081014,52.94955213,54.62285523,2729.995986,48.08948987,87.90525201,8.458571829,19.71322971,50.63240283
65.66589305,52.60042415,53.77144395,2730.493117,50.5050785,87.90412226,8.451494505,18.59085375,50.78002725
66.20098634,52.00031649,53.44723873,2732.35372,49.23927141,87.83802948,8.552107055,18.62465349,50.72636084
65.68797263,51.31948719,54.82018177,2730.627788,55.28278074,88.08183533,8.296890373,18.93782372,50.78999029
65.92356146,49.83766478,54.69449279,2727.953883,50.8272494,88.19331908,8.198206345,18.56065172,50.74496122
65.31663581,48.64342143,53.69284755,2728.628269,51.20462081,88.15843714,8.204561973,18.66797955,50.83930793
64.98663745,48.50099191,55.20429175,2728.862842,48.3015411,87.96999629,8.434304651,18.97005672,50.7761705
64.43475785,48.31320675,55.41701377,2728.665364,44.66612892,88.39212117,7.975294697,18.856076,50.80702625
64.34792959,49.14909066,56.27933199,2728.187614,45.06905606,87.92897311,8.396224325,19.7593232,50.63546384
64.27224417,50.41311862,53.99450625,2726.368035,53.47126388,88.09409284,8.245765346,18.44533552,50.7554801
63.89908893,51.85948095,53.91009937,2727.94527,49.29913044,87.73090123,8.628597459,18.56302524,50.76633639
64.23584167,52.54702633,51.93398275,2727.149254,48.51089841,88.05724078,8.305125556,18.30529433,50.90789855
63.77788869,53.01903172,52.81473825,2725.453954,49.29887723,88.04642968,8.299293196,19.06668372,50.68083495
63.44021439,54.79625539,54.00539047,2725.339698,43.65884454,88.08519805,8.133785914,18.83128038,50.73512584
64.33738525,52.82206283,55.06921935,2727.027608,52.05727892,87.91071506,8.482308846,18.31145471,50.72339083
63.86563426,51.63911557,54.37020067,2726.177805,51.06577588,87.91466595,8.446526484,19.76779046,50.68587255
63.8062758,51.47698108,55.30803271,2727.773306,47.09669311,87.99235041,8.403744847,19.15109167,50.6851865
63.64750939,49.86016635,55.52635818,2727.058439,50.88140833,88.12355363,8.175796339,18.80598633,50.72846924
63.74487973,49.12021434,55.94854703,2723.346792,47.67398174,88.15172838,8.213523902,19.32708428,50.66543748
63.60819722,49.69235216,55.60367792,2723.95609,43.58555427,88.0243591,8.342880883,19.47923234,50.73540524
63.04553425,51.69980045,56.63798811,2723.261617,50.30977362,88.07088274,8.281457587,19.57063734,50.8008289
63.04822606,52.75839882,53.21652391,2724.020552,48.18562253,88.07229678,8.297244075,18.6171459,50.87083448
63.1665686,53.49973892,52.39401061,2723.303379,51.61834029,88.10882765,8.255288258,18.34837563,50.77359753
63.7533663,52.70871858,53.73399757,2726.51696,52.70775264,87.97820811,8.337845062,18.79008672,50.72127076
64.01993808,53.64917468,53.8551274,2727.310671,51.94135834,88.05598401,8.304768279,18.95855128,50.87346418
63.44312601,52.65073389,54.30068161,2728.089812,52.35209783,88.02954716,8.299818607,17.56123457,50.82934568
64.23718672,52.98826879,54.51591095,2726.673151,46.82628541,87.94711673,8.335344685,18.88374583,50.75801065
62.45642366,52.67521818,54.57040352,2724.875942,47.12317151,88.14301162,8.162751427,18.98269243,50.6162203
62.9127042,51.84337066,54.62600064,2724.909111,48.09877154,87.90374474,8.458915271,19.36475751,50.69196443
61.9205276,52.85517681,55.3087806,2723.665962,43.47683415,88.11060209,8.259217508,19.60358698,50.72939772
62.27641811,54.65951949,55.72873918,2720.121972,49.29775999,87.98502331,8.306504712,17.85637939,50.76347693
62.52189343,54.42013072,55.75531228,2719.089514,52.90662363,87.81991078,8.585104223,18.56532562,50.89169964
62.46954932,54.64061901,54.13817604,2721.607897,54.79851705,87.93998231,8.422425602,17.79095365,50.87834511
62.12108093,56.1288832,53.4381241,2720.949953,50.07665907,88.01515423,8.411456121,18.93117584,50.7609539
62.66776625,52.46373054,53.80311792,2721.965337,44.49360587,88.08166708,8.262195024,18.98420875,50.90317862
62.93005991,53.29023243,53.71550386,2722.316477,50.21723561,88.18047876,8.158903029,19.29419454,50.67423559
62.538672,53.97551435,52.79771261,2721.003139,55.5897646,87.9078134,8.410561459,18.74165217,50.79647175
62.45811704,54.86981434,53.10150628,2721.859019,50.17046688,88.1021307,8.258665303,19.04662882,50.85207988
63.24747462,57.60473219,50.64879915,2721.038264,48.97794821,87.96982679,8.408381707,18.72998084,50.67260373
63.60887476,52.53398537,50.48751071,2721.381154,49.32454166,87.77530274,8.57014665,19.6812446,50.63727237
63.38408198,53.6569433,50.93053231,2722.511046,53.47030247,88.05787255,8.245458808,18.6663772,50.72811215
63.00978377,53.10711156,49.88317247,2722.284668,45.62682231,88.33741502,8.034085297,18.27980203,50.97457248
63.30300162,53.10220206,49.56643782,2722.098009,48.14479899,88.07244686,8.267159281,18.33126647,50.90458127
63.58377378,54.76466163,50.14404936,2722.529517,47.97353843,88.14495499,8.234999735,18.68411972,50.82045514
63.41866431,55.36291208,51.2897234,2722.152652,47.25350217,88.04626446,8.350063474,18.28989757,50.75513183
63.57666043,54.89831516,50.97306221,2721.64084,49.35663135,88.09840939,8.228604521,18.5495995,50.76985349
64.07338258,53.77599872,51.37958501,2724.492077,50.68060979,88.01556967,8.325109814,18.02932787,50.80016181
64.17723718,52.38860037,51.5099039,2722.60078,52.65111932,88.16501307,8.16195189,17.8024126,50.82733297
63.9959485,52.14520688,51.88436366,2723.778774,49.20518379,87.99324579,8.47825513,18.21243158,50.92126888
64.0813537,54.2947916,52.079595,2726.558008,55.52360641,88.0069686,8.339716038,19.1404153,50.7243627
64.17508667,55.05757117,51.82865039,2728.024484,46.14897892,88.08250897,8.32505539,18.9761826,50.72511671
63.3950485,55.50942109,50.61482068,2725.833133,48.0800115,88.10601032,8.266449666,19.29143983,50.76277977
63.23095136,54.9895052,49.94168877,2727.762677,49.39772341,88.02727827,8.392778515,18.74427878,50.73525467
63.10655476,56.18474634,50.44366945,2731.215997,47.17109562,87.90098749,8.449756138,18.62796283,50.90661424
63.02746012,54.781021,49.89662132,2729.748343,48.15929868,88.10843782,8.309077307,19.49268517,50.76638302
62.70614288,55.12769186,50.63613789,2728.520507,49.50261623,88.00629931,8.298816881,18.71833817,50.89174212
62.38182217,54.15251705,50.33213415,2728.55483,49.46567477,87.98496209,8.341433455,19.18793906,50.77285399
62.62386286,53.08709081,50.01881527,2727.73,50.26507381,87.96324161,8.351641548,19.21632287,50.61404538
63.64844579,54.00056875,50.58746633,2728.300082,58.70727823,87.82670579,8.507646339,18.83411335,50.84243552
64.418262,53.79879649,51.03649077,2729.451915,54.09997332,88.12615948,8.194948374,19.09025106,50.7726518
64.99833742,53.72726725,51.03045671,2727.49285,45.28561263,88.02943591,8.43345455,18.78998478,50.81539611
64.68937191,53.37785024,49.77381151,2725.961706,52.23034103,87.90034802,8.457924491,18.86884356,50.82834699
65.0961371,52.60293523,48.95298342,2728.61558,51.78852889,87.99459122,8.383326432,18.6218487,50.88981051
65.26458784,51.79117882,49.00942041,2727.645407,50.22817375,87.96181692,8.378558757,19.61812514,50.67851887
65.21477383,51.68112764,49.98924053,2729.934815,51.95319312,87.97844632,8.388260812,18.7295392,50.75347133
65.38137386,52.1794246,50.58605361,2731.977399,48.58216405,87.92078485,8.446668107,18.56151811,50.7560825
65.37060615,50.68991564,51.75995111,2730.06074,50.99600034,88.11860017,8.245287178,18.97723771,50.74573641
65.70534842,49.97971298,53.1719014,2730.603089,50.13543438,88.1672782,8.168584775,19.13870154,50.83193219
65.03018174,51.94394877,54.17769479,2730.788328,51.51596589,87.98584898,8.372131915,18.66081316,50.70200308
64.35442672,50.79905363,52.83771808,2732.320343,47.5125189,88.18899622,8.179465867,18.50278523,50.69265592
64.40318632,52.74400278,52.94668288,2731.249407,46.12340053,88.13996505,8.186984543,18.37975794,50.74335369
63.96376209,52.38134981,54.35690639,2730.789882,51.16090229,88.01256988,8.408201015,19.08007552,50.81727898
64.04541524,50.82032193,54.76907337,2731.058911,53.29440778,88.11316038,8.224636261,18.77241893,50.8065472
63.98972632,50.64654659,53.71606182,2732.537542,48.90620633,87.85004907,8.487698153,18.65231497,50.81811428
63.25749285,48.26545507,56.24863399,2732.353171,55.28607239,87.82866581,8.613096208,19.84011657,50.62876544
62.86275939,47.46250382,57.58249599,2733.680396,50.81479059,88.10860452,8.171982432,19.49257804,50.6314217
62.53020766,46.57123005,53.26838265,2733.762853,51.64908009,88.06173249,8.307054997,18.85537033,50.69910646
62.44890159,47.33177581,52.59411269,2733.325034,47.34345296,87.93251267,8.392402955,19.20956456,50.7461221
62.83008554,45.93855161,52.25761254,2734.789659,50.34931927,88.10038281,8.188206012,19.06484096,50.7238238
63.93357661,45.44091759,52.35899292,2736.074204,54.93963996,87.92935524,8.389145949,18.7015696,50.76511237
63.9034654,45.17527967,51.097264,2739.527928,47.42506828,87.92215946,8.460419701,17.8356282,50.81459601
63.98398742,46.60013471,50.69339202,2739.019564,52.39404845,87.88680874,8.444496643,19.86940181,50.77572437
63.71269787,47.13352555,50.13921222,2738.336422,45.1061009,88.13287074,8.216810941,18.73945827,50.89995337
63.64633117,47.79565803,50.47653465,2736.697537,45.42346413,87.87231924,8.493760699,19.20205254,50.63961403
63.83024652,46.45012435,48.52165865,2733.355127,49.95471878,88.00062508,8.325213405,19.7211927,50.75647759
63.05579251,45.43118667,48.33576076,2734.274763,50.97367379,88.01942782,8.342414265,18.59623457,50.76273674
63.09294723,46.01575013,48.7796333,2735.604935,54.11970195,88.07937634,8.221077952,18.92704504,50.69561327
63.45062032,45.09212295,48.11780138,2737.418433,52.56195038,88.04760211,8.270459302,18.24452547,50.92194308
63.3326624,44.07699413,47.50284402,2736.034695,47.62592453,88.15946124,8.210688279,20.07370289,50.69471281
63.26640688,46.80782413,46.49670748,2735.074843,49.27254113,88.04311925,8.306161535,19.56718656,50.76004302
63.85922101,45.45990051,47.94954672,2737.008061,50.05894709,87.88968913,8.479530172,18.92871882,50.69759741
63.03274675,46.7230636,48.55813626,2734.850669,50.5153525,88.04946461,8.284370251,19.35934682,50.5958149
63.01155498,46.87074471,47.31195969,2735.364425,51.79060664,87.8755684,8.462768777,18.54773122,50.78689726
63.55738079,47.97212299,48.04082088,2738.42672,51.20948586,87.79686219,8.534018672,18.76085974,50.64326492
63.06034172,48.28251042,48.12453313,2740.195637,49.38111153,88.17498486,8.231206127,18.57846459,50.94200851
62.47757475,46.96984438,48.56976174,2739.518754,51.09706923,88.00071481,8.333072475,19.28440186,50.84810015
61.92256115,44.97726332,48.23372563,2740.278046,52.56095915,87.99021451,8.411466066,19.33865113,50.70901407
61.39302167,44.58556105,47.95633597,2740.173147,52.2838488,87.91633385,8.41168756,18.64804957,50.78833388
61.38678449,44.41902285,48.20928672,2740.973989,48.71103629,88.21188156,8.129336467,19.61048522,50.70307347
61.76475248,45.03751974,48.17388683,2740.056097,52.63259322,88.06863132,8.283441035,18.23909595,50.91353842
61.93511364,43.36479074,49.32796486,2738.700645,49.13873316,87.94481228,8.416442344,19.72687576,50.70793578
62.32862494,47.00821026,49.80766844,2740.090065,54.15880578,87.98928734,8.314604011,19.68517883,50.77375218
62.32579173,46.25867914,51.47975229,2739.841811,50.1943393,88.04297683,8.373647439,18.79365266,50.79661099
62.56607088,47.44327442,51.3859508,2740.830361,49.94760651,87.8899423,8.426338027,18.80564143,50.70629225
62.56724088,47.52548835,51.60011176,2739.896411,50.96439516,88.04028376,8.304422445,18.66311542,50.76611701
62.79005588,47.60647877,52.49816241,2741.469666,52.04378799,88.10865995,8.253096171,19.18981549,50.73179172
62.92749073,47.04699546,52.0339741,2743.0721,50.03140256,88.15271724,8.168313545,19.48152021,50.83018929
62.95516485,48.16075722,54.45756668,2743.126246,53.26527296,87.90760501,8.414821374,19.0331356,50.64853163
63.02698249,47.17499956,54.61600891,2742.453522,46.99371427,87.99178205,8.381747425,18.41215424,50.8137586
62.94614909,48.19587101,52.13155096,2744.278886,51.51628793,88.14036001,8.240995252,18.96467475,50.78087537
61.94385117,47.33502371,52.59721606,2741.347384,51.29687177,88.15637624,8.150482522,19.53598133,50.63250114
61.69819268,47.45618272,54.19065512,2741.132708,47.90281412,88.09505307,8.27564228,19.57359901,50.77649143
60.38967123,48.74543162,55.55573813,2741.527036,53.18243082,88.04053988,8.245845505,19.04969158,50.75232564
60.8786014,49.67782372,53.43942788,2740.651415,47.92366728,87.97684269,8.364376378,18.23760878,50.91678366
61.13877428,50.05789553,54.10522275,2737.939623,46.67316666,87.96876099,8.350817222,19.16435232,50.60957824
61.42550477,49.18875351,52.07290869,2737.372349,52.64832208,88.07165533,8.232845033,19.9463092,50.74243691
61.52395447,48.44205445,50.26517894,2739.516356,48.04463908,87.92243675,8.441319121,19.07608184,50.88833431
62.33298877,47.79198015,52.21734764,2738.610294,57.43165212,87.97653233,8.372887617,19.02856116,50.76256348
63.04099287,48.17872406,52.78482234,2739.551165,48.91003812,88.21097867,8.116490445,18.98883552,50.7986193
62.72573292,48.36278604,52.17366747,2736.250117,47.9837631,87.98758882,8.316606264,19.19143477,50.78547553
62.39716632,48.64885564,52.21766671,2735.982235,52.20109326,88.14019227,8.173942946,18.30609631,50.92074845
62.60461634,46.6314039,52.93187862,2735.750197,48.92906317,87.81957539,8.525115437,18.68458832,50.74795383
62.79420852,47.51569656,52.27825648,2735.287959,49.43364493,87.90842299,8.523074786,18.59925132,50.84379589
62.50206261,47.96636497,52.54948156,2737.759416,45.54891584,88.04339394,8.350278661,19.63535369,50.71354033
62.13851269,46.86424495,52.84813327,2735.741168,49.4058472,88.18692319,8.124015109,19.7879678,50.63508652
61.43658305,46.50821175,51.79061453,2735.38887,47.50173379,88.02621583,8.318080027,19.09256056,50.7063691
61.79301522,46.98493216,50.75943415,2734.418775,49.96620052,88.1595226,8.159800036,19.60694793,50.77392681
61.69283175,48.82644438,51.5190306,2733.228905,57.27532714,88.21118629,8.065994894,18.97138812,50.74449419
61.51768383,50.91604039,50.03687412,2736.919307,47.30384487,87.86593269,8.486412875,17.81840702,50.93433708
62.02575265,50.12707739,49.78354038,2735.354442,54.41087394,88.08700343,8.207009503,18.89671845,50.81828244
62.23288385,50.93477233,49.88829464,2734.840199,46.44634297,87.8500341,8.435431709,18.91971533,50.74975933
62.26885821,49.13028039,48.97157129,2732.600711,51.05503381,88.0313888,8.300669348,19.61359474,50.76864125
62.45815306,49.00247432,48.66843045,2729.662136,49.74743425,87.81902992,8.535485445,20.09585885,50.63829465
62.57088685,49.73601808,48.02028499,2730.813633,54.45501381,87.89719076,8.403627397,18.74653204,50.78162872
62.51295766,49.88959989,48.34216273,2733.253291,51.30420935,88.04238974,8.316247582,19.01830292,50.79588219
62.08095958,49.75097131,48.1321832,2731.610711,51.38342801,88.09675831,8.216660767,19.12274373,50.63714731
62.93135491,50.63260752,49.94812976,2732.726217,52.48054669,88.07056437,8.271625965,19.25418977,50.7089644
62.76904288,52.10523784,51.87545178,2733.858972,51.87691798,87.96884121,8.361734105,19.77387156,50.68261116
62.63095852,51.58394019,51.32547734,2733.93204,50.65543785,88.03683037,8.291276958,19.80359778,50.60986574
63.57694363,51.40329852,52.20275151,2734.679127,52.85455605,87.99688954,8.37371751,19.49307402,50.70225681
63.3931774,50.5427706,50.97972662,2736.943928,51.74419109,88.23008425,8.098314831,18.68613595,50.78642248
63.32011916,51.37421903,52.27839461,2737.771255,48.98115547,87.95022217,8.436540257,18.70285332,50.73171983
63.46855295,52.6804707,54.17063674,2740.455309,46.59358933,88.06930506,8.267434014,17.66870329,50.77863225
63.27985511,52.59092649,54.08952469,2738.804023,48.51365256,88.25447754,8.100313001,18.5623811,50.74887991
64.05699254,52.60739001,52.04890108,2737.536524,45.46682389,88.12144503,8.243171713,19.24890643,50.72541998
63.23561913,53.3195376,53.19097528,2736.525563,49.53582901,88.15042124,8.185536312,18.68027059,50.85199316
63.52316893,53.58428417,54.103395,2736.304321,48.71101257,88.18498349,8.140531443,18.91961463,50.72837384
63.44750158,53.4520078,54.72236513,2737.523624,51.70155633,88.16839589,8.245573101,18.18347938,50.79521439
63.17770998,54.83661091,54.90091347,2738.589897,45.21834718,88.16838525,8.204773341,18.98199324,50.88286291
63.37001251,54.88229176,55.24335086,2736.037698,45.34702605,88.02354554,8.250154771,19.43518172,50.74651078
63.16875919,55.14622699,55.12348653,2736.279928,50.85524382,87.98901389,8.395623083,18.65013411,50.87766642
62.9935049,55.8345412,54.39712139,2738.084981,40.68442315,88.21401366,8.162528884,18.55873319,50.73399673
63.08356345,54.33405878,54.60289476,2734.430895,57.35931607,88.10589838,8.216344021,19.01360299,50.68083806
63.10488614,54.12664647,52.21138512,2733.192254,50.90399296,88.17251534,8.183807234,19.06832331,50.63635077
63.60280919,54.78184407,53.66016877,2735.897564,50.84314613,88.04920029,8.245398211,18.37075855,50.82505381
63.41483417,56.63607376,54.98125715,2733.283939,50.3358556,88.01058925,8.33955907,18.18413743,50.80400368
63.32069862,55.84986888,53.88650412,2731.609031,51.1917262,88.03288988,8.299862945,18.65183161,50.73137384
63.01830354,55.65087202,53.04668816,2732.137265,49.77735478,87.97871177,8.406911541,19.38511241,50.79055535
63.43039004,53.53312969,52.34108585,2733.346165,54.21685747,87.94234269,8.446638655,18.73079921,50.78969213
63.53341198,53.65559266,52.24346219,2734.803622,49.76549227,88.02510965,8.368823103,18.82742864,50.75726944
63.39945038,54.5509411,52.07791771,2733.375523,49.59786454,88.01112388,8.388529019,19.38147456,50.70168715
64.07267451,55.18800635,54.12955461,2733.321345,46.46338424,88.12405881,8.17771918,17.96177735,50.76922312
64.20995828,56.40505127,53.20668625,2732.269207,46.92200923,88.01023626,8.365049864,18.56916448,50.70430287
64.84677276,55.02846074,54.58197928,2729.937977,55.00248148,88.05139662,8.315141205,19.15830192,50.69205782
65.11740563,55.90554291,53.93933251,2728.295443,45.79801264,88.09032132,8.309785208,17.37413463,50.91525519
65.23917464,54.04036518,54.87591253,2728.850697,44.69151016,88.12397281,8.293765423,18.91987701,50.73774054
65.41892487,51.50177427,54.23125039,2729.331652,48.14141436,88.2754014,8.136864318,18.73259332,50.7815348
65.7325667,51.28963207,52.51318702,2730.103089,48.16274573,87.97554958,8.408832304,17.79554169,50.8492888
64.80975253,51.04566602,52.3906997,2729.620667,48.66407972,87.97892377,8.392000955,19.24175351,50.79723814
65.12778155,51.04906393,52.61368023,2729.203842,55.87886622,87.96039549,8.386979252,20.21796836,50.54073992
64.1727874,50.33193758,51.44132334,2731.525843,48.21987799,88.14462675,8.217684048,17.53695821,50.99278817
63.90010068,48.77584951,53.11981455,2733.140884,51.2290237,87.92592889,8.361201062,19.31760779,50.75967404
64.5335259,49.26770748,53.75133563,2733.698922,47.12719555,88.1867408,8.166360604,18.28221853,50.95197788
65.12616379,49.18515835,54.07021019,2732.20527,48.72698577,88.24190327,8.114526605,18.56325018,50.80705504
65.77428446,49.91965479,52.69746099,2731.264674,49.95974514,88.09488692,8.269027882,18.93588623,50.75921924
65.59539167,51.87134547,50.14529411,2729.274672,49.88986795,88.13415873,8.234919563,18.40919271,50.85692547
65.58309486,50.07886469,48.03347715,2728.616532,48.5464802,88.22933148,8.105293578,18.48684218,50.68611585
65.67774556,51.12938129,46.05534821,2728.01482,42.60840719,88.17747678,8.198154346,19.18086963,50.79136679
65.64135505,51.09808776,46.07923761,2727.550133,53.03039157,88.1174197,8.187394531,18.4650579,50.86031351
65.25328576,52.21934254,45.38432668,2728.125954,48.86297305,88.15885629,8.213837066,19.05435493,50.74460971
65.79456633,53.61487644,44.54804143,2726.644107,51.87078655,88.09329691,8.268699005,18.72934915,50.72226666
65.14081105,53.12690045,46.86542749,2726.956569,50.17555812,87.93203681,8.450830825,18.1779216,50.80650217
64.88478526,53.96715995,47.88809533,2726.975036,55.51806337,88.06437021,8.262635861,18.33577485,50.88404078
65.18494495,53.841761,47.98511987,2727.280066,47.53170181,88.34982466,7.971016947,18.29238976,50.93807825
64.82960482,53.39003701,47.72041535,2724.627811,54.12887209,88.01444608,8.377281264,19.03910961,50.74556633
64.85293924,54.12407338,48.46236585,2726.122635,52.30172352,88.07352308,8.311433039,18.87873389,50.74018067
64.79674592,54.0792284,46.8017541,2727.936444,52.12244968,88.31460834,8.022496835,18.27804436,50.87553666
64.43948595,54.42166511,46.89495734,2728.774526,49.59474945,88.13362136,8.233352947,18.20521657,50.83599155
64.35499388,54.24668683,47.56255619,2728.995623,45.38885535,88.27966675,8.084229138,19.30422641,50.77991491
64.56055274,53.68620023,49.13263223,2727.859958,47.75649215,88.01863786,8.347795577,19.04177959,50.77828809
64.67357999,53.44487673,50.63279924,2725.454583,48.13505368,88.11808669,8.1999352,19.61823035,50.76442347
63.92552993,52.99119888,51.22892255,2725.543921,52.18662425,87.96969711,8.374861853,19.24885263,50.83402201
64.12189334,53.46802839,52.36272192,2725.090812,55.00106017,88.02167106,8.377789729,18.58868955,50.69031214
63.79270711,54.72719608,51.63493893,2725.621969,49.53792944,88.15166592,8.211453594,18.43000693,50.80243823
63.58274155,54.48277637,50.53033728,2724.756444,42.67053418,87.96429674,8.37961562,18.41956237,50.82040292
63.0967152,55.12617003,51.68493819,2724.104906,48.4796564,88.02777311,8.395886532,18.51573605,50.78286781
62.52492887,55.61206972,52.89645054,2724.715441,44.75809997,88.16230224,8.225705103,18.53166129,50.85202423
63.71762331,53.68454296,54.82623477,2722.953211,51.76252115,88.0766151,8.280942307,18.46116122,50.77572536
64.47902435,53.16562451,54.27787878,2724.162855,53.83382911,87.77003326,8.581204861,17.41694566,50.94079709
63.83767409,53.31138579,53.75624957,2725.094386,49.34601883,87.9876135,8.401432208,18.41452589,50.84340001
63.6664636,52.02508683,55.33472591,2725.901185,51.70900301,87.79795761,8.53671225,19.1544222,50.80055385
63.50219789,52.96902174,55.71195283,2726.964383,52.80421694,87.88640831,8.484956514,19.5085936,50.75915143
63.46308642,54.38422628,55.89032386,2728.316838,49.54281885,88.0861319,8.309284844,18.00950498,50.74305835
64.59353556,55.19378431,54.8936569,2725.7266,50.00448605,88.10485512,8.220076492,18.99440648,50.70980761
64.64987003,55.34810432,54.79032225,2728.071683,50.10504767,88.02996645,8.320881367,18.47124166,50.77331566
63.92572229,55.28953949,53.97182264,2724.794761,50.8207296,87.97496231,8.404164207,18.34951912,50.94714538
63.91884787,55.01706258,52.32358822,2722.038426,48.54922984,88.04519228,8.321394703,19.10831778,50.5780307
63.97051216,55.5678243,54.48504801,2723.927564,50.65482902,87.96578165,8.404731812,18.8610282,50.7429662
64.51904377,55.84933919,54.04974596,2720.066771,47.53958711,88.15230882,8.202372852,19.41712696,50.81613153
64.64185279,53.44665944,53.06437461,2721.94992,51.63495542,88.16888514,8.168174109,18.84199331,50.8643369
64.94462684,54.04463754,51.19341931,2724.654696,51.25766223,87.86121878,8.536992718,18.9170835,50.72708314
64.73299971,55.05974367,51.97581876,2724.069802,50.90901122,88.07272377,8.295324868,19.00076675,50.85206272
64.54187727,55.45414063,53.43038494,2724.519587,47.54900101,88.05417268,8.283728509,18.24238672,50.9182645
63.93077234,54.69321638,54.72262975,2723.987116,51.51512381,88.0674769,8.245562306,18.9185035,50.59577759
64.76609818,53.96278679,54.64602335,2725.042987,50.97370901,88.07888137,8.269301244,18.71375084,50.83238297
63.46971982,56.36670655,55.8037139,2726.083758,52.40725346,88.12108072,8.238628498,17.78173537,50.90086712
63.63021172,52.76093017,55.94878199,2727.121131,54.34747544,87.97743231,8.347563993,18.3184977,50.81557022
63.85330449,52.21241268,54.43686428,2725.939201,51.41049075,88.00726969,8.329382451,18.28555211,50.81206396
64.1491588,53.84652038,53.37024132,2725.02674,54.65656443,88.07612602,8.22480439,18.75149717,50.72655075
64.55081857,53.45158312,52.58443948,2725.312237,50.76368992,87.97387853,8.350467742,19.08710507,50.81038939
64.10239409,54.33369644,54.18071496,2723.621305,46.48161625,87.8327297,8.597607973,18.66435212,50.7031216
64.19099784,57.12975374,53.66562747,2722.789531,52.0146294,88.19422415,8.218956188,18.26342278,50.84987628
63.57375347,52.51023337,54.29123281,2720.547456,46.3666938,87.9901938,8.358933922,18.4822432,50.73992448
63.77798019,52.11603577,54.55987459,2720.341154,49.48249975,88.18534872,8.148494864,19.45550761,50.67779428
63.57068115,51.41732467,53.84937852,2719.021594,49.11435884,88.14819161,8.183425038,18.65543263,50.72582216
